from,to,gis,allowance
0,47.99,685.56,1448.06
48,95.99,685.56,1445.06
96,143.99,685.56,1442.06
144,191.99,685.56,1439.06
192,239.99,685.56,1436.06
240,287.99,685.56,1433.06
288,335.99,685.56,1430.06
336,383.99,685.56,1427.06
384,431.99,685.56,1424.06
432,479.99,685.56,1421.06
480,527.99,685.56,1418.06
528,575.99,685.56,1415.06
576,623.99,685.56,1412.06
624,671.99,685.56,1409.06
672,719.99,685.56,1406.06
720,767.99,685.56,1403.06
768,815.99,685.56,1400.06
816,863.99,685.56,1397.06
864,911.99,685.56,1394.06
912,959.99,685.56,1391.06
960,1007.99,685.56,1388.06
1008,1055.99,685.56,1385.06
1056,1103.99,685.56,1382.06
1104,1151.99,685.56,1379.06
1152,1199.99,685.56,1376.06
1200,1247.99,685.56,1373.06
1248,1295.99,685.56,1370.06
1296,1343.99,685.56,1367.06
1344,1391.99,685.56,1364.06
1392,1439.99,685.56,1361.06
1440,1487.99,685.56,1358.06
1488,1535.99,685.56,1355.06
1536,1583.99,685.56,1352.06
1584,1631.99,685.56,1349.06
1632,1679.99,685.56,1346.06
1680,1727.99,685.56,1343.06
1728,1775.99,685.56,1340.06
1776,1823.99,685.56,1337.06
1824,1871.99,685.56,1334.06
1872,1919.99,685.56,1331.06
1920,1967.99,685.56,1328.06
1968,2015.99,685.56,1325.06
2016,2063.99,685.56,1322.06
2064,2111.99,685.56,1319.06
2112,2159.99,685.56,1316.06
2160,2207.99,685.56,1313.06
2208,2255.99,685.56,1310.06
2256,2303.99,685.56,1307.06
2304,2351.99,685.56,1304.06
2352,2399.99,685.56,1301.06
2400,2447.99,685.56,1298.06
2448,2495.99,685.56,1295.06
2496,2543.99,685.56,1292.06
2544,2591.99,685.56,1289.06
2592,2639.99,685.56,1286.06
2640,2687.99,685.56,1283.06
2688,2735.99,685.56,1280.06
2736,2783.99,685.56,1277.06
2784,2831.99,685.56,1274.06
2832,2879.99,685.56,1271.06
2880,2927.99,685.56,1268.06
2928,2975.99,685.56,1265.06
2976,3023.99,685.56,1262.06
3024,3071.99,685.56,1259.06
3072,3119.99,685.56,1256.06
3120,3167.99,685.56,1253.06
3168,3215.99,685.56,1250.06
3216,3263.99,685.56,1247.06
3264,3311.99,685.56,1244.06
3312,3359.99,685.56,1241.06
3360,3407.99,685.56,1238.06
3408,3455.99,685.56,1235.06
3456,3503.99,685.56,1232.06
3504,3551.99,685.56,1229.06
3552,3599.99,685.56,1226.06
3600,3647.99,685.56,1223.06
3648,3695.99,685.56,1220.06
3696,3743.99,685.56,1217.06
3744,3791.99,685.56,1214.06
3792,3839.99,685.56,1211.06
3840,3887.99,685.56,1208.06
3888,3935.99,685.56,1205.06
3936,3983.99,685.56,1202.06
3984,4031.99,685.56,1199.06
4032,4079.99,685.56,1196.06
4080,4095.99,685.56,1193.06
4096,4127.99,684.56,1192.06
4128,4175.99,684.56,1189.06
4176,4191.99,684.56,1186.06
4192,4223.99,683.56,1185.06
4224,4271.99,683.56,1182.06
4272,4287.99,683.56,1179.06
4288,4319.99,682.56,1178.06
4320,4367.99,682.56,1175.06
4368,4383.99,682.56,1172.06
4384,4415.99,681.56,1171.06
4416,4463.99,681.56,1168.06
4464,4479.99,681.56,1165.06
4480,4511.99,680.56,1164.06
4512,4559.99,680.56,1161.06
4560,4575.99,680.56,1158.06
4576,4607.99,679.56,1157.06
4608,4655.99,679.56,1154.06
4656,4671.99,679.56,1151.06
4672,4703.99,678.56,1150.06
4704,4751.99,678.56,1147.06
4752,4767.99,678.56,1144.06
4768,4799.99,677.56,1143.06
4800,4847.99,677.56,1140.06
4848,4863.99,677.56,1137.06
4864,4895.99,676.56,1136.06
4896,4943.99,676.56,1133.06
4944,4959.99,676.56,1130.06
4960,4991.99,675.56,1129.06
4992,5039.99,675.56,1126.06
5040,5055.99,675.56,1123.06
5056,5087.99,674.56,1122.06
5088,5135.99,674.56,1119.06
5136,5151.99,674.56,1116.06
5152,5183.99,673.56,1115.06
5184,5231.99,673.56,1112.06
5232,5247.99,673.56,1109.06
5248,5279.99,672.56,1108.06
5280,5327.99,672.56,1105.06
5328,5343.99,672.56,1102.06
5344,5375.99,671.56,1101.06
5376,5423.99,671.56,1098.06
5424,5439.99,671.56,1095.06
5440,5471.99,670.56,1094.06
5472,5519.99,670.56,1091.06
5520,5535.99,670.56,1088.06
5536,5567.99,669.56,1087.06
5568,5615.99,669.56,1084.06
5616,5631.99,669.56,1081.06
5632,5663.99,668.56,1080.06
5664,5711.99,668.56,1077.06
5712,5727.99,668.56,1074.06
5728,5759.99,667.56,1073.06
5760,5807.99,667.56,1070.06
5808,5823.99,667.56,1067.06
5824,5855.99,666.56,1066.06
5856,5903.99,666.56,1063.06
5904,5919.99,666.56,1060.06
5920,5951.99,665.56,1059.06
5952,5999.99,665.56,1056.06
6000,6015.99,665.56,1053.06
6016,6047.99,664.56,1052.06
6048,6095.99,664.56,1049.06
6096,6111.99,664.56,1046.06
6112,6143.99,663.56,1045.06
6144,6191.99,663.56,1042.06
6192,6207.99,663.56,1039.06
6208,6239.99,662.56,1038.06
6240,6287.99,662.56,1035.06
6288,6303.99,662.56,1032.06
6304,6335.99,661.56,1031.06
6336,6383.99,661.56,1028.06
6384,6399.99,661.56,1025.06
6400,6431.99,660.56,1024.06
6432,6479.99,660.56,1021.06
6480,6495.99,660.56,1018.06
6496,6527.99,659.56,1017.06
6528,6575.99,659.56,1014.06
6576,6591.99,659.56,1011.06
6592,6623.99,658.56,1010.06
6624,6671.99,658.56,1007.06
6672,6687.99,658.56,1004.06
6688,6719.99,657.56,1003.06
6720,6767.99,657.56,1000.06
6768,6783.99,657.56,997.06
6784,6815.99,656.56,996.06
6816,6863.99,656.56,993.06
6864,6879.99,656.56,990.06
6880,6911.99,655.56,989.06
6912,6959.99,655.56,986.06
6960,6975.99,655.56,983.06
6976,7007.99,654.56,982.06
7008,7055.99,654.56,979.06
7056,7071.99,654.56,976.06
7072,7103.99,653.56,975.06
7104,7151.99,653.56,972.06
7152,7167.99,653.56,969.06
7168,7199.99,652.56,968.06
7200,7247.99,652.56,965.06
7248,7263.99,652.56,962.06
7264,7295.99,651.56,961.06
7296,7343.99,651.56,958.06
7344,7359.99,651.56,955.06
7360,7391.99,650.56,954.06
7392,7439.99,650.56,951.06
7440,7455.99,650.56,948.06
7456,7487.99,649.56,947.06
7488,7535.99,649.56,944.06
7536,7551.99,649.56,941.06
7552,7583.99,648.56,940.06
7584,7631.99,648.56,937.06
7632,7647.99,648.56,934.06
7648,7679.99,647.56,933.06
7680,7727.99,647.56,930.06
7728,7743.99,647.56,927.06
7744,7775.99,646.56,926.06
7776,7823.99,646.56,923.06
7824,7839.99,646.56,920.06
7840,7871.99,645.56,919.06
7872,7919.99,645.56,916.06
7920,7935.99,645.56,913.06
7936,7967.99,644.56,912.06
7968,8015.99,644.56,909.06
8016,8031.99,644.56,906.06
8032,8063.99,643.56,905.06
8064,8111.99,643.56,902.06
8112,8127.99,643.56,899.06
8128,8159.99,642.56,898.06
8160,8207.99,642.56,895.06
8208,8223.99,642.56,892.06
8224,8255.99,641.56,891.06
8256,8303.99,641.56,888.06
8304,8319.99,641.56,885.06
8320,8351.99,640.56,884.06
8352,8399.99,640.56,881.06
8400,8415.99,640.56,878.06
8416,8447.99,639.56,877.06
8448,8495.99,639.56,874.06
8496,8511.99,639.56,871.06
8512,8543.99,638.56,870.06
8544,8591.99,638.56,867.06
8592,8607.99,638.56,864.06
8608,8639.99,637.56,863.06
8640,8687.99,637.56,860.06
8688,8703.99,637.56,857.06
8704,8735.99,636.56,856.06
8736,8783.99,636.56,853.06
8784,8799.99,636.56,850.06
8800,8831.99,635.57,849.07
8832,8879.99,635.57,846.07
8880,8927.99,635.57,843.07
8928,8975.99,635.57,840.07
8976,9023.99,635.57,837.07
9024,9071.99,635.57,834.07
9072,9119.99,635.57,831.07
9120,9167.99,635.57,828.07
9168,9215.99,635.57,825.07
9216,9263.99,635.57,822.07
9264,9311.99,635.57,819.07
9312,9359.99,635.57,816.07
9360,9407.99,635.57,813.07
9408,9455.99,635.57,810.07
9456,9503.99,635.57,807.07
9504,9551.99,635.57,804.07
9552,9599.99,635.57,801.07
9600,9647.99,635.57,798.07
9648,9695.99,635.57,795.07
9696,9743.99,635.57,792.07
9744,9791.99,635.57,789.07
9792,9839.99,635.57,786.07
9840,9887.99,635.57,783.07
9888,9935.99,635.57,780.07
9936,9983.99,635.57,777.07
9984,10031.99,635.57,774.07
10032,10079.99,635.57,771.07
10080,10127.99,635.57,768.07
10128,10175.99,635.57,765.07
10176,10223.99,635.57,762.07
10224,10271.99,635.57,759.07
10272,10319.99,635.57,756.07
10320,10367.99,635.57,753.07
10368,10415.99,635.57,750.07
10416,10463.99,635.57,747.07
10464,10511.99,635.57,744.07
10512,10559.99,635.57,741.07
10560,10607.99,635.57,738.07
10608,10655.99,635.57,735.07
10656,10703.99,635.57,732.07
10704,10751.99,635.57,729.07
10752,10799.99,635.57,726.07
10800,10847.99,635.57,723.07
10848,10895.99,635.57,720.07
10896,10943.99,635.57,717.07
10944,10991.99,635.57,714.07
10992,11039.99,635.57,711.07
11040,11087.99,635.57,708.07
11088,11135.99,635.57,705.07
11136,11183.99,635.57,702.07
11184,11231.99,635.57,699.07
11232,11279.99,635.57,696.07
11280,11327.99,635.57,693.07
11328,11375.99,635.57,690.07
11376,11423.99,635.57,687.07
11424,11471.99,635.57,684.07
11472,11519.99,635.57,681.07
11520,11567.99,635.57,678.07
11568,11615.99,635.57,675.07
11616,11663.99,635.57,672.07
11664,11711.99,635.57,669.07
11712,11759.99,635.57,666.07
11760,11807.99,635.57,663.07
11808,11855.99,635.57,660.07
11856,11903.99,635.57,657.07
11904,11951.99,635.57,654.07
11952,11999.99,635.57,651.07
12000,12047.99,635.57,648.07
12048,12095.99,635.57,645.07
12096,12143.99,635.57,642.07
12144,12191.99,635.57,639.07
12192,12239.99,635.57,636.07
12240,12287.99,635.57,635.57
12288,12335.99,634.57,634.57
12336,12383.99,633.57,633.57
12384,12431.99,632.57,632.57
12432,12479.99,631.57,631.57
12480,12527.99,630.57,630.57
12528,12575.99,629.57,629.57
12576,12623.99,628.57,628.57
12624,12671.99,627.57,627.57
12672,12719.99,626.57,626.57
12720,12767.99,625.57,625.57
12768,12815.99,624.57,624.57
12816,12863.99,623.57,623.57
12864,12911.99,622.57,622.57
12912,12959.99,621.57,621.57
12960,13007.99,620.57,620.57
13008,13055.99,619.57,619.57
13056,13103.99,618.57,618.57
13104,13151.99,617.57,617.57
13152,13199.99,616.57,616.57
13200,13247.99,615.57,615.57
13248,13295.99,614.57,614.57
13296,13343.99,613.57,613.57
13344,13391.99,612.57,612.57
13392,13439.99,611.57,611.57
13440,13487.99,610.57,610.57
13488,13535.99,609.57,609.57
13536,13583.99,608.57,608.57
13584,13631.99,607.57,607.57
13632,13679.99,606.57,606.57
13680,13727.99,605.57,605.57
13728,13775.99,604.57,604.57
13776,13823.99,603.57,603.57
13824,13871.99,602.57,602.57
13872,13919.99,601.57,601.57
13920,13967.99,600.57,600.57
13968,14015.99,599.57,599.57
14016,14063.99,598.57,598.57
14064,14111.99,597.57,597.57
14112,14159.99,596.57,596.57
14160,14207.99,595.57,595.57
14208,14255.99,594.57,594.57
14256,14303.99,593.57,593.57
14304,14351.99,592.57,592.57
14352,14399.99,591.57,591.57
14400,14447.99,590.57,590.57
14448,14495.99,589.57,589.57
14496,14543.99,588.57,588.57
14544,14591.99,587.57,587.57
14592,14639.99,586.57,586.57
14640,14687.99,585.57,585.57
14688,14735.99,584.57,584.57
14736,14783.99,583.57,583.57
14784,14831.99,582.57,582.57
14832,14879.99,581.57,581.57
14880,14927.99,580.57,580.57
14928,14975.99,579.57,579.57
14976,15023.99,578.57,578.57
15024,15071.99,577.57,577.57
15072,15119.99,576.57,576.57
15120,15167.99,575.57,575.57
15168,15215.99,574.57,574.57
15216,15263.99,573.57,573.57
15264,15311.99,572.57,572.57
15312,15359.99,571.57,571.57
15360,15407.99,570.57,570.57
15408,15455.99,569.57,569.57
15456,15503.99,568.57,568.57
15504,15551.99,567.57,567.57
15552,15599.99,566.57,566.57
15600,15647.99,565.57,565.57
15648,15695.99,564.57,564.57
15696,15743.99,563.57,563.57
15744,15791.99,562.57,562.57
15792,15839.99,561.57,561.57
15840,15887.99,560.57,560.57
15888,15935.99,559.57,559.57
15936,15983.99,558.57,558.57
15984,16031.99,557.57,557.57
16032,16079.99,556.57,556.57
16080,16127.99,555.57,555.57
16128,16175.99,554.57,554.57
16176,16223.99,553.57,553.57
16224,16271.99,552.57,552.57
16272,16319.99,551.57,551.57
16320,16367.99,550.57,550.57
16368,16415.99,549.57,549.57
16416,16463.99,548.57,548.57
16464,16511.99,547.57,547.57
16512,16559.99,546.57,546.57
16560,16607.99,545.57,545.57
16608,16655.99,544.57,544.57
16656,16703.99,543.57,543.57
16704,16751.99,542.57,542.57
16752,16799.99,541.57,541.57
16800,16847.99,540.57,540.57
16848,16895.99,539.57,539.57
16896,16943.99,538.57,538.57
16944,16991.99,537.57,537.57
16992,17039.99,536.57,536.57
17040,17087.99,535.57,535.57
17088,17135.99,534.57,534.57
17136,17183.99,533.57,533.57
17184,17231.99,532.57,532.57
17232,17279.99,531.57,531.57
17280,17327.99,530.57,530.57
17328,17375.99,529.57,529.57
17376,17423.99,528.57,528.57
17424,17471.99,527.57,527.57
17472,17519.99,526.57,526.57
17520,17567.99,525.57,525.57
17568,17615.99,524.57,524.57
17616,17663.99,523.57,523.57
17664,17711.99,522.57,522.57
17712,17759.99,521.57,521.57
17760,17807.99,520.57,520.57
17808,17855.99,519.57,519.57
17856,17903.99,518.57,518.57
17904,17951.99,517.57,517.57
17952,17999.99,516.57,516.57
18000,18047.99,515.57,515.57
18048,18095.99,514.57,514.57
18096,18143.99,513.57,513.57
18144,18191.99,512.57,512.57
18192,18239.99,511.57,511.57
18240,18287.99,510.57,510.57
18288,18335.99,509.57,509.57
18336,18383.99,508.57,508.57
18384,18431.99,507.57,507.57
18432,18479.99,506.57,506.57
18480,18527.99,505.57,505.57
18528,18575.99,504.57,504.57
18576,18623.99,503.57,503.57
18624,18671.99,502.57,502.57
18672,18719.99,501.57,501.57
18720,18767.99,500.57,500.57
18768,18815.99,499.57,499.57
18816,18863.99,498.57,498.57
18864,18911.99,497.57,497.57
18912,18959.99,496.57,496.57
18960,19007.99,495.57,495.57
19008,19055.99,494.57,494.57
19056,19103.99,493.57,493.57
19104,19151.99,492.57,492.57
19152,19199.99,491.57,491.57
19200,19247.99,490.57,490.57
19248,19295.99,489.57,489.57
19296,19343.99,488.57,488.57
19344,19391.99,487.57,487.57
19392,19439.99,486.57,486.57
19440,19487.99,485.57,485.57
19488,19535.99,484.57,484.57
19536,19583.99,483.57,483.57
19584,19631.99,482.57,482.57
19632,19679.99,481.57,481.57
19680,19727.99,480.57,480.57
19728,19775.99,479.57,479.57
19776,19823.99,478.57,478.57
19824,19871.99,477.57,477.57
19872,19919.99,476.57,476.57
19920,19967.99,475.57,475.57
19968,20015.99,474.57,474.57
20016,20063.99,473.57,473.57
20064,20111.99,472.57,472.57
20112,20159.99,471.57,471.57
20160,20207.99,470.57,470.57
20208,20255.99,469.57,469.57
20256,20303.99,468.57,468.57
20304,20351.99,467.57,467.57
20352,20399.99,466.57,466.57
20400,20447.99,465.57,465.57
20448,20495.99,464.57,464.57
20496,20543.99,463.57,463.57
20544,20591.99,462.57,462.57
20592,20639.99,461.57,461.57
20640,20687.99,460.57,460.57
20688,20735.99,459.57,459.57
20736,20783.99,458.57,458.57
20784,20831.99,457.57,457.57
20832,20879.99,456.57,456.57
20880,20927.99,455.57,455.57
20928,20975.99,454.57,454.57
20976,21023.99,453.57,453.57
21024,21071.99,452.57,452.57
21072,21119.99,451.57,451.57
21120,21167.99,450.57,450.57
21168,21215.99,449.57,449.57
21216,21263.99,448.57,448.57
21264,21311.99,447.57,447.57
21312,21359.99,446.57,446.57
21360,21407.99,445.57,445.57
21408,21455.99,444.57,444.57
21456,21503.99,443.57,443.57
21504,21551.99,442.57,442.57
21552,21599.99,441.57,441.57
21600,21647.99,440.57,440.57
21648,21695.99,439.57,439.57
21696,21743.99,438.57,438.57
21744,21791.99,437.57,437.57
21792,21839.99,436.57,436.57
21840,21887.99,435.57,435.57
21888,21935.99,434.57,434.57
21936,21983.99,433.57,433.57
21984,22031.99,432.57,432.57
22032,22079.99,431.57,431.57
22080,22127.99,430.57,430.57
22128,22175.99,429.57,429.57
22176,22223.99,428.57,428.57
22224,22271.99,427.57,427.57
22272,22319.99,426.57,426.57
22320,22367.99,425.57,425.57
22368,22415.99,424.57,424.57
22416,22463.99,423.57,423.57
22464,22511.99,422.57,422.57
22512,22559.99,421.57,421.57
22560,22607.99,420.57,420.57
22608,22655.99,419.57,419.57
22656,22703.99,418.57,418.57
22704,22751.99,417.57,417.57
22752,22799.99,416.57,416.57
22800,22847.99,415.57,415.57
22848,22895.99,414.57,414.57
22896,22943.99,413.57,413.57
22944,22991.99,412.57,412.57
22992,23039.99,411.57,411.57
23040,23087.99,410.57,410.57
23088,23135.99,409.57,409.57
23136,23183.99,408.57,408.57
23184,23231.99,407.57,407.57
23232,23279.99,406.57,406.57
23280,23327.99,405.57,405.57
23328,23375.99,404.57,404.57
23376,23423.99,403.57,403.57
23424,23471.99,402.57,402.57
23472,23519.99,401.57,401.57
23520,23567.99,400.57,400.57
23568,23615.99,399.57,399.57
23616,23663.99,398.57,398.57
23664,23711.99,397.57,397.57
23712,23759.99,396.57,396.57
23760,23807.99,395.57,395.57
23808,23855.99,394.57,394.57
23856,23903.99,393.57,393.57
23904,23951.99,392.57,392.57
23952,23999.99,391.57,391.57
24000,24047.99,390.57,390.57
24048,24095.99,389.57,389.57
24096,24143.99,388.57,388.57
24144,24191.99,387.57,387.57
24192,24239.99,386.57,386.57
24240,24287.99,385.57,385.57
24288,24335.99,384.57,384.57
24336,24383.99,383.57,383.57
24384,24431.99,382.57,382.57
24432,24479.99,381.57,381.57
24480,24527.99,380.57,380.57
24528,24575.99,379.57,379.57
24576,24623.99,378.57,378.57
24624,24671.99,377.57,377.57
24672,24719.99,376.57,376.57
24720,24767.99,375.57,375.57
24768,24815.99,374.57,374.57
24816,24863.99,373.57,373.57
24864,24911.99,372.57,372.57
24912,24959.99,371.57,371.57
24960,25007.99,370.57,370.57
25008,25055.99,369.57,369.57
25056,25103.99,368.57,368.57
25104,25151.99,367.57,367.57
25152,25199.99,366.57,366.57
25200,25247.99,365.57,365.57
25248,25295.99,364.57,364.57
25296,25343.99,363.57,363.57
25344,25391.99,362.57,362.57
25392,25439.99,361.57,361.57
25440,25487.99,360.57,360.57
25488,25535.99,359.57,359.57
25536,25583.99,358.57,358.57
25584,25631.99,357.57,357.57
25632,25679.99,356.57,356.57
25680,25727.99,355.57,355.57
25728,25775.99,354.57,354.57
25776,25823.99,353.57,353.57
25824,25871.99,352.57,352.57
25872,25919.99,351.57,351.57
25920,25967.99,350.57,350.57
25968,26015.99,349.57,349.57
26016,26063.99,348.57,348.57
26064,26111.99,347.57,347.57
26112,26159.99,346.57,346.57
26160,26207.99,345.57,345.57
26208,26255.99,344.57,344.57
26256,26303.99,343.57,343.57
26304,26351.99,342.57,342.57
26352,26399.99,341.57,341.57
26400,26447.99,340.57,340.57
26448,26495.99,339.57,339.57
26496,26543.99,338.57,338.57
26544,26591.99,337.57,337.57
26592,26639.99,336.57,336.57
26640,26687.99,335.57,335.57
26688,26735.99,334.57,334.57
26736,26783.99,333.57,333.57
26784,26831.99,332.57,332.57
26832,26879.99,331.57,331.57
26880,26927.99,330.57,330.57
26928,26975.99,329.57,329.57
26976,27023.99,328.57,328.57
27024,27071.99,327.57,327.57
27072,27119.99,326.57,326.57
27120,27167.99,325.57,325.57
27168,27215.99,324.57,324.57
27216,27263.99,323.57,323.57
27264,27311.99,322.57,322.57
27312,27359.99,321.57,321.57
27360,27407.99,320.57,320.57
27408,27455.99,319.57,319.57
27456,27503.99,318.57,318.57
27504,27551.99,317.57,317.57
27552,27599.99,316.57,316.57
27600,27647.99,315.57,315.57
27648,27695.99,314.57,314.57
27696,27743.99,313.57,313.57
27744,27791.99,312.57,312.57
27792,27839.99,311.57,311.57
27840,27887.99,310.57,310.57
27888,27935.99,309.57,309.57
27936,27983.99,308.57,308.57
27984,28031.99,307.57,307.57
28032,28079.99,306.57,306.57
28080,28127.99,305.57,305.57
28128,28175.99,304.57,304.57
28176,28223.99,303.57,303.57
28224,28271.99,302.57,302.57
28272,28319.99,301.57,301.57
28320,28367.99,300.57,300.57
28368,28415.99,299.57,299.57
28416,28463.99,298.57,298.57
28464,28511.99,297.57,297.57
28512,28559.99,296.57,296.57
28560,28607.99,295.57,295.57
28608,28655.99,294.57,294.57
28656,28703.99,293.57,293.57
28704,28751.99,292.57,292.57
28752,28799.99,291.57,291.57
28800,28847.99,290.57,290.57
28848,28895.99,289.57,289.57
28896,28943.99,288.57,288.57
28944,28991.99,287.57,287.57
28992,29039.99,286.57,286.57
29040,29087.99,285.57,285.57
29088,29135.99,284.57,284.57
29136,29183.99,283.57,283.57
29184,29231.99,282.57,282.57
29232,29279.99,281.57,281.57
29280,29327.99,280.57,280.57
29328,29375.99,279.57,279.57
29376,29423.99,278.57,278.57
29424,29471.99,277.57,277.57
29472,29519.99,276.57,276.57
29520,29567.99,275.57,275.57
29568,29615.99,274.57,274.57
29616,29663.99,273.57,273.57
29664,29711.99,272.57,272.57
29712,29759.99,271.57,271.57
29760,29807.99,270.57,270.57
29808,29855.99,269.57,269.57
29856,29903.99,268.57,268.57
29904,29951.99,267.57,267.57
29952,29999.99,266.57,266.57
30000,30047.99,265.57,265.57
30048,30095.99,264.57,264.57
30096,30143.99,263.57,263.57
30144,30191.99,262.92,262.57
30192,30239.99,262.92,261.57
30240,30287.99,262.92,260.57
30288,30335.99,262.92,259.57
30336,30383.99,262.92,258.57
30384,30431.99,262.92,257.57
30432,30479.99,262.92,256.57
30480,30527.99,262.92,255.57
30528,30575.99,262.92,254.57
30576,30623.99,262.92,253.57
30624,30671.99,262.92,252.57
30672,30719.99,262.92,251.57
30720,30767.99,262.92,250.57
30768,30815.99,262.92,249.57
30816,30863.99,262.92,248.57
30864,30911.99,262.92,247.57
30912,30959.99,262.92,246.57
30960,31007.99,262.92,245.57
31008,31055.99,262.92,244.57
31056,31103.99,262.92,243.57
31104,31151.99,262.92,242.57
31152,31199.99,262.92,241.57
31200,31247.99,262.92,240.57
31248,31295.99,262.92,239.57
31296,31343.99,262.92,238.57
31344,31391.99,262.92,237.57
31392,31439.99,262.92,236.57
31440,31487.99,262.92,235.57
31488,31535.99,262.92,234.57
31536,31583.99,262.92,233.57
31584,31631.99,262.92,232.57
31632,31679.99,262.92,231.57
31680,31727.99,262.92,230.57
31728,31775.99,262.92,229.57
31776,31823.99,262.92,228.57
31824,31871.99,262.92,227.57
31872,31919.99,262.92,226.57
31920,31967.99,262.92,225.57
31968,32015.99,262.92,224.57
32016,32063.99,262.92,223.57
32064,32111.99,262.92,222.57
32112,32159.99,262.92,221.57
32160,32207.99,262.92,220.57
32208,32255.99,262.92,219.57
32256,32303.99,262.92,218.57
32304,32351.99,262.92,217.57
32352,32399.99,262.92,216.57
32400,32447.99,262.92,215.57
32448,32495.99,262.92,214.57
32496,32543.99,262.92,213.57
32544,32591.99,262.92,212.57
32592,32639.99,262.92,211.57
32640,32687.99,262.92,210.57
32688,32735.99,262.92,209.57
32736,32783.99,262.92,208.57
32784,32831.99,262.92,207.57
32832,32879.99,262.92,206.57
32880,32927.99,262.92,205.57
32928,32975.99,262.92,204.57
32976,33023.99,262.92,203.57
33024,33071.99,262.92,202.57
33072,33119.99,262.92,201.57
33120,33167.99,262.92,200.57
33168,33215.99,262.92,199.57
33216,33263.99,262.92,198.57
33264,33311.99,262.92,197.57
33312,33359.99,262.92,196.57
33360,33407.99,262.92,195.57
33408,33455.99,262.92,194.57
33456,33503.99,262.92,193.57
33504,33551.99,262.92,192.57
33552,33599.99,262.92,191.57
33600,33647.99,262.92,190.57
33648,33695.99,262.92,189.57
33696,33743.99,262.92,188.57
33744,33791.99,262.92,187.57
33792,33839.99,262.92,186.57
33840,33887.99,262.92,185.57
33888,33935.99,262.92,184.57
33936,33983.99,262.92,183.57
33984,34031.99,262.92,182.57
34032,34079.99,262.92,181.57
34080,34127.99,262.92,180.57
34128,34175.99,262.92,179.57
34176,34223.99,262.92,178.57
34224,34271.99,262.92,177.57
34272,34319.99,262.92,176.57
34320,34367.99,262.92,175.57
34368,34415.99,262.92,174.57
34416,34463.99,262.92,173.57
34464,34511.99,262.92,172.57
34512,34559.99,262.92,171.57
34560,34607.99,262.92,170.57
34608,34655.99,262.92,169.57
34656,34703.99,262.92,168.57
34704,34751.99,262.92,167.57
34752,34799.99,262.92,166.57
34800,34847.99,262.92,165.57
34848,34895.99,262.92,164.57
34896,34943.99,262.92,163.57
34944,34991.99,262.92,162.57
34992,35039.99,262.92,161.57
35040,35087.99,262.92,160.57
35088,35135.99,262.92,159.57
35136,35183.99,262.92,158.57
35184,35231.99,262.92,157.57
35232,35279.99,262.92,156.57
35280,35327.99,262.92,155.57
35328,35375.99,262.92,154.57
35376,35423.99,262.92,153.57
35424,35471.99,262.92,152.57
35472,35519.99,262.92,151.57
35520,35567.99,262.92,150.57
35568,35615.99,262.92,149.57
35616,35663.99,262.92,148.57
35664,35711.99,262.92,147.57
35712,35759.99,262.92,146.57
35760,35807.99,262.92,145.57
35808,35855.99,262.92,144.57
35856,35903.99,262.92,143.57
35904,35951.99,262.92,142.57
35952,35999.99,262.92,141.57
36000,36047.99,262.92,140.57
36048,36095.99,262.92,139.57
36096,36143.99,262.92,138.57
36144,36191.99,262.92,137.57
36192,36239.99,262.92,136.57
36240,36287.99,262.92,135.57
36288,36335.99,262.92,134.57
36336,36383.99,262.92,133.57
36384,36431.99,262.92,132.57
36432,36479.99,262.92,131.57
36480,36527.99,262.92,130.57
36528,36575.99,262.92,129.57
36576,36623.99,262.92,128.57
36624,36671.99,262.92,127.57
36672,36719.99,262.92,126.57
36720,36767.99,262.92,125.57
36768,36815.99,262.92,124.57
36816,36863.99,262.92,123.57
36864,36911.99,262.92,122.57
36912,36959.99,262.92,121.57
36960,37007.99,262.92,120.57
37008,37055.99,262.92,119.57
37056,37103.99,262.92,118.57
37104,37151.99,262.92,117.57
37152,37199.99,262.92,116.57
37200,37247.99,262.92,115.57
37248,37295.99,262.92,114.57
37296,37343.99,262.92,113.57
37344,37391.99,262.92,112.57
37392,37439.99,262.92,111.57
37440,37487.99,262.92,110.57
37488,37535.99,262.92,109.57
37536,37583.99,262.92,108.57
37584,37631.99,262.92,107.57
37632,37679.99,262.92,106.57
37680,37727.99,262.92,105.57
37728,37775.99,262.92,104.57
37776,37823.99,262.92,103.57
37824,37871.99,262.92,102.57
37872,37919.99,262.92,101.57
37920,37967.99,262.92,100.57
37968,38015.99,262.92,99.57
38016,38063.99,262.92,98.57
38064,38111.99,262.92,97.57
38112,38159.99,262.92,96.57
38160,38207.99,262.92,95.57
38208,38255.99,262.92,94.57
38256,38303.99,262.92,93.57
38304,38351.99,262.92,92.57
38352,38399.99,262.92,91.57
38400,38447.99,262.92,90.57
38448,38495.99,262.92,89.57
38496,38543.99,262.92,88.57
38544,38591.99,262.92,87.57
38592,38639.99,262.92,86.57
38640,38687.99,262.92,85.57
38688,38735.99,262.92,84.57
38736,38783.99,262.92,83.57
38784,38831.99,262.92,82.57
38832,38879.99,262.92,81.57
38880,38927.99,262.92,80.57
38928,38975.99,262.92,79.57
38976,39023.99,262.92,78.57
39024,39071.99,262.92,77.57
39072,39119.99,262.92,76.57
39120,39167.99,262.92,75.57
39168,39215.99,262.92,74.57
39216,39263.99,262.92,73.57
39264,39311.99,262.92,72.57
39312,39359.99,262.92,71.57
39360,39407.99,262.92,70.57
39408,39455.99,262.92,69.57
39456,39503.99,262.92,68.57
39504,39551.99,262.92,67.57
39552,39599.99,262.92,66.57
39600,39647.99,262.92,65.57
39648,39695.99,262.92,64.57
39696,39743.99,262.92,63.57
39744,39791.99,262.92,62.57
39792,39839.99,262.92,61.57
39840,39887.99,262.92,60.57
39888,39935.99,262.92,59.57
39936,39983.99,262.92,58.57
39984,40031.99,262.92,57.57
40032,40079.99,262.92,56.57
40080,40127.99,262.92,55.57
40128,40175.99,262.92,54.57
40176,40223.99,262.92,53.57
40224,40271.99,262.92,52.57
40272,40319.99,262.92,51.57
40320,40367.99,262.92,50.57
40368,40415.99,262.92,49.57
40416,40463.99,262.92,48.57
40464,40511.99,262.92,47.57
40512,40559.99,262.92,46.57
40560,40607.99,262.92,45.57
40608,40655.99,262.92,44.57
40656,40703.99,262.92,43.57
40704,40751.99,262.92,42.57
40752,40799.99,262.92,41.57
40800,40847.99,262.92,40.57
40848,40895.99,262.92,39.57
40896,40943.99,262.92,38.57
40944,40991.99,262.92,37.57
40992,41039.99,262.92,36.57
41040,41087.99,262.92,35.57
41088,41135.99,262.92,34.57
41136,41183.99,262.92,33.57
41184,41231.99,262.92,32.57
41232,41279.99,262.92,31.57
41280,41327.99,262.92,30.57
41328,41375.99,262.92,29.57
41376,41423.99,262.92,28.57
41424,41471.99,262.92,27.57
41472,41519.99,262.92,26.57
41520,41567.99,262.92,25.57
41568,41615.99,262.92,24.57
41616,41663.99,262.92,23.57
41664,41711.99,262.92,22.57
41712,41759.99,262.92,21.57
41760,41807.99,262.92,20.57
41808,41855.99,262.92,19.57
41856,41903.99,262.92,18.57
41904,41951.99,262.92,17.57
41952,41999.99,262.92,16.57
42000,42047.99,262.92,15.57
42048,42095.99,262.92,14.57
42096,42143.99,262.92,13.57
42144,42191.99,262.92,12.57
42192,42239.99,262.92,11.57
42240,42287.99,262.92,10.57
42288,42335.99,262.92,9.57
42336,42383.99,262.92,8.57
42384,42431.99,262.92,7.57
42432,42479.99,262.92,6.57
42480,42527.99,262.92,5.57
42528,42575.99,262.92,4.57
42576,42623.99,262.92,3.57
42624,42671.99,262.92,2.57
42672,42719.99,262.92,1.57
42720,42767.99,262.92,0.57
